user,age,status,gender,drinks,height,smokes,religion,genre,music_decade,music_vibe,listening_frequency,concert
user0,31,single,female,yes,168.0,no,hinduism,K-Pop,2020s,Relaxing and Chill,Frequently,"No, I prefer not to attend concerts"
user1,50,single,female,yes,175.0,no,buddhism,K-Pop,2020s,Upbeat and Energetic,Frequently,"Sometimes, depending on the artist or event"
user2,25,single,male,yes,188.0,no,confucianism,Traditional & Folk Music,2000s,Relaxing and Chill,Frequently,"No, I prefer not to attend concerts"
user3,39,single,male,yes,175.0,no,hinduism,Pop,2010s,Relaxing and Chill,Frequently,"No, I prefer not to attend concerts"
user4,22,single,male,yes,170.0,yes,buddhism,Indie/Alternative,1980s,Upbeat and Energetic,Frequently,"Sometimes, depending on the artist or event"
user5,28,single,male,yes,183.0,no,buddhism,Pop,2010s,Relaxing and Chill,Only in specific situations,"Sometimes, depending on the artist or event"
user6,28,single,male,yes,175.0,no,hinduism,J-Pop,2020s,Relaxing and Chill,Frequently,"Sometimes, depending on the artist or event"
user7,30,single,male,yes,178.0,no,roman catholicism,Pop,2000s,Emotional and Deep,Occasionally,"No, I prefer not to attend concerts"
user8,34,single,male,yes,183.0,no,hinduism,Metal,1970s,Emotional and Deep,Rarely,"Sometimes, depending on the artist or event"
user9,51,single,female,yes,180.0,no,roman catholicism,Pop,2020s,Romantic and Smooth,Only in specific situations,"Sometimes, depending on the artist or event"
user10,27,single,male,yes,185.0,no,hinduism,Pop,1990s,Relaxing and Chill,Only in specific situations,"No, I prefer not to attend concerts"
user11,25,single,male,yes,188.0,yes,confucianism,K-Pop,2020s,Relaxing and Chill,Only in specific situations,"Sometimes, depending on the artist or event"
user12,24,single,male,yes,188.0,no,confucianism,Pop,2010s,Upbeat and Energetic,Only in specific situations,"No, I prefer not to attend concerts"
user13,23,single,male,yes,170.0,no,protestant christianity,Jazz,1990s,Upbeat and Energetic,Rarely,"Sometimes, depending on the artist or event"
user14,30,single,male,yes,188.0,no,confucianism,Rock,1990s,Emotional and Deep,Frequently,"Yes, I love attending concerts"
user15,27,single,female,yes,178.0,no,islam,Pop,2010s,Relaxing and Chill,Only in specific situations,"No, I prefer not to attend concerts"
user16,38,single,male,yes,155.0,no,hinduism,EDM (Electronic Dance Music),2000s,Relaxing and Chill,Frequently,"No, I prefer not to attend concerts"
user17,26,single,male,yes,170.0,no,protestant christianity,Dangdut,2020s,Emotional and Deep,Only in specific situations,"Sometimes, depending on the artist or event"
user18,25,single,male,yes,175.0,no,hinduism,Pop,2020s,Upbeat and Energetic,Frequently,"Sometimes, depending on the artist or event"
user19,65,single,female,yes,170.0,no,confucianism,Rock,2000s,Relaxing and Chill,Frequently,"Sometimes, depending on the artist or event"
user20,29,single,male,no,190.0,yes,hinduism,Pop Indonesia,2020s,Relaxing and Chill,Only in specific situations,"Yes, I love attending concerts"
user21,18,single,male,yes,183.0,no,islam,Punk,2010s,Upbeat and Energetic,Only in specific situations,"Sometimes, depending on the artist or event"
user22,24,single,male,yes,175.0,yes,buddhism,K-Pop,2020s,Upbeat and Energetic,Only in specific situations,"No, I prefer not to attend concerts"
user23,27,single,male,yes,170.0,yes,confucianism,Indie/Alternative,2010s,Emotional and Deep,Frequently,"No, I prefer not to attend concerts"
user24,18,single,female,yes,168.0,no,roman catholicism,EDM (Electronic Dance Music),2010s,Upbeat and Energetic,Only in specific situations,"No, I prefer not to attend concerts"
user25,20,single,male,yes,178.0,no,confucianism,Dangdut,1970s,Dark and Intense,Only in specific situations,"Yes, I love attending concerts"
user26,23,single,female,yes,175.0,no,roman catholicism,K-Pop,2020s,Upbeat and Energetic,Frequently,"Sometimes, depending on the artist or event"
user27,31,single,female,yes,157.0,no,hinduism,J-Pop,2010s,Upbeat and Energetic,Occasionally,"Sometimes, depending on the artist or event"
user28,25,single,male,yes,185.0,no,protestant christianity,Pop,2000s,Relaxing and Chill,Frequently,"Sometimes, depending on the artist or event"
user29,45,single,male,yes,170.0,no,hinduism,Pop,2020s,Romantic and Smooth,Rarely,"Yes, I love attending concerts"
user30,21,single,male,yes,178.0,yes,confucianism,Rock,1990s,Dark and Intense,Frequently,"Sometimes, depending on the artist or event"
user31,26,single,female,no,173.0,no,buddhism,Jazz,1990s,Romantic and Smooth,Occasionally,"Yes, I love attending concerts"
user32,60,single,male,yes,173.0,yes,buddhism,Jazz,1990s,Relaxing and Chill,Occasionally,"No, I prefer not to attend concerts"
user33,48,single,female,yes,168.0,no,roman catholicism,J-Pop,2010s,Romantic and Smooth,Frequently,"No, I prefer not to attend concerts"
user34,27,single,female,yes,163.0,no,protestant christianity,Pop,1990s,Relaxing and Chill,Only in specific situations,"Sometimes, depending on the artist or event"
user35,53,single,male,yes,178.0,no,roman catholicism,Metal,2010s,Upbeat and Energetic,Frequently,"Sometimes, depending on the artist or event"
user36,39,single,female,yes,163.0,no,roman catholicism,Pop,2010s,Relaxing and Chill,Frequently,"Sometimes, depending on the artist or event"
user37,26,single,male,yes,183.0,no,confucianism,K-Pop,2010s,Relaxing and Chill,Frequently,"Yes, I love attending concerts"
user38,21,single,female,yes,168.0,yes,roman catholicism,Pop,2020s,Upbeat and Energetic,Frequently,"Sometimes, depending on the artist or event"
user39,35,single,female,yes,178.0,no,confucianism,Indie/Alternative,1990s,Upbeat and Energetic,Only in specific situations,"No, I prefer not to attend concerts"
user40,20,single,female,yes,178.0,yes,protestant christianity,Country,1990s,Romantic and Smooth,Frequently,"Yes, I love attending concerts"
user41,23,single,male,yes,175.0,no,islam,EDM (Electronic Dance Music),2020s,Upbeat and Energetic,Only in specific situations,"Sometimes, depending on the artist or event"
user42,29,single,male,yes,175.0,no,protestant christianity,K-Pop,2020s,Upbeat and Energetic,Only in specific situations,"Sometimes, depending on the artist or event"
user43,39,single,male,yes,170.0,no,roman catholicism,K-Pop,2010s,Emotional and Deep,Only in specific situations,"No, I prefer not to attend concerts"
user44,26,single,male,yes,185.0,no,protestant christianity,K-Pop,2010s,Upbeat and Energetic,Frequently,"Yes, I love attending concerts"
user45,27,single,female,yes,160.0,yes,islam,Ballad,2010s,Emotional and Deep,Only in specific situations,"No, I prefer not to attend concerts"
user46,23,single,female,yes,173.0,yes,roman catholicism,Pop,2010s,Romantic and Smooth,Frequently,"Yes, I love attending concerts"
user47,22,single,female,yes,163.0,yes,roman catholicism,Pop,2010s,Upbeat and Energetic,Frequently,"Sometimes, depending on the artist or event"
user48,27,single,male,yes,185.0,no,confucianism,Hip-Hop/Rap,2010s,Dark and Intense,Frequently,"No, I prefer not to attend concerts"
user49,33,single,female,yes,170.0,no,islam,Pop,2020s,Emotional and Deep,Occasionally,"Sometimes, depending on the artist or event"
user50,29,single,male,yes,180.0,no,islam,Pop Indonesia,2010s,Romantic and Smooth,Only in specific situations,"Sometimes, depending on the artist or event"
user51,24,single,female,yes,173.0,no,roman catholicism,Pop,2000s,Romantic and Smooth,Frequently,"No, I prefer not to attend concerts"
user52,60,single,male,yes,178.0,no,confucianism,Hip-Hop/Rap,2010s,Upbeat and Energetic,Frequently,"No, I prefer not to attend concerts"
user53,28,single,male,yes,175.0,yes,islam,EDM (Electronic Dance Music),2010s,Upbeat and Energetic,Frequently,"Sometimes, depending on the artist or event"
user54,34,single,male,yes,165.0,no,islam,classical,2020s,Dark and Intense,Rarely,"Yes, I love attending concerts"
user55,21,single,female,yes,160.0,no,buddhism,classical,1990s,Upbeat and Energetic,Frequently,"Sometimes, depending on the artist or event"
user56,25,single,female,yes,163.0,no,islam,classical,1990s,Romantic and Smooth,Never,"No, I prefer not to attend concerts"
user57,33,single,female,yes,157.0,no,confucianism,dangdut,2020s,Emotional and Deep,Only in specific situations,"Sometimes, depending on the artist or event"
user58,31,single,female,yes,163.0,no,roman catholicism,blues,2000s,Relaxing and Chill,Occasionally,"No, I prefer not to attend concerts"
user59,43,single,female,yes,170.0,no,hinduism,ballad,1970s,Dark and Intense,Rarely,"Yes, I love attending concerts"
user60,32,single,male,yes,183.0,no,confucianism,jazz,2010s,Relaxing and Chill,Rarely,"No, I prefer not to attend concerts"
user61,27,single,male,yes,183.0,no,confucianism,punk,2020s,Romantic and Smooth,Frequently,"Yes, I love attending concerts"
user62,23,in a relationship,male,yes,180.0,yes,islam,edm,1980s,Relaxing and Chill,Rarely,"Yes, I love attending concerts"
user63,39,single,male,yes,180.0,no,islam,pop,2020s,Emotional and Deep,Rarely,"Sometimes, depending on the artist or event"
user64,33,single,male,yes,178.0,no,roman catholicism,rock,2020s,Upbeat and Energetic,Only in specific situations,"No, I prefer not to attend concerts"
user65,29,single,male,yes,173.0,no,roman catholicism,traditional & folk music,1980s,Dark and Intense,Never,"Sometimes, depending on the artist or event"
user66,40,single,female,yes,170.0,no,roman catholicism,dangdut,1980s,Romantic and Smooth,Only in specific situations,"Sometimes, depending on the artist or event"
user67,32,single,female,yes,163.0,yes,confucianism,edm,1970s,Upbeat and Energetic,Never,"No, I prefer not to attend concerts"
user68,27,in a relationship,female,yes,163.0,no,buddhism,edm,2020s,Upbeat and Energetic,Occasionally,"Yes, I love attending concerts"
user69,20,in a relationship,male,no,178.0,no,protestant christianity,j-pop,2020s,Relaxing and Chill,Frequently,"No, I prefer not to attend concerts"
user70,24,single,female,yes,168.0,no,hinduism,hip-hop/rap,1990s,Relaxing and Chill,Never,"No, I prefer not to attend concerts"
user71,34,single,male,yes,178.0,no,roman catholicism,rock,1980s,Emotional and Deep,Frequently,"Yes, I love attending concerts"
user72,27,single,female,yes,157.0,yes,hinduism,traditional & folk music,1970s,Emotional and Deep,Never,"Sometimes, depending on the artist or event"
user73,28,single,female,yes,157.0,no,protestant christianity,soul,1970s,Dark and Intense,Frequently,"Sometimes, depending on the artist or event"
user74,42,single,female,yes,152.0,no,buddhism,k-pop,2000s,Relaxing and Chill,Only in specific situations,"Yes, I love attending concerts"
user75,34,single,female,yes,175.0,yes,buddhism,pop,1970s,Dark and Intense,Rarely,"Yes, I love attending concerts"
user76,27,in a relationship,male,yes,173.0,no,hinduism,punk,2010s,Dark and Intense,Only in specific situations,"Yes, I love attending concerts"
user77,29,single,female,yes,163.0,yes,confucianism,hip-hop/rap,2000s,Upbeat and Energetic,Never,"No, I prefer not to attend concerts"
user78,31,single,male,yes,178.0,no,islam,reggae,2020s,Romantic and Smooth,Never,"No, I prefer not to attend concerts"
user79,30,single,male,no,185.0,no,islam,edm,2020s,Upbeat and Energetic,Never,"Sometimes, depending on the artist or event"
user80,47,single,female,yes,163.0,no,buddhism,indie/alternative,2020s,Dark and Intense,Frequently,"Sometimes, depending on the artist or event"
user81,37,single,female,yes,163.0,yes,buddhism,j-pop,2010s,Relaxing and Chill,Frequently,"No, I prefer not to attend concerts"
user82,30,single,male,yes,185.0,yes,buddhism,pop,2000s,Upbeat and Energetic,Only in specific situations,"Yes, I love attending concerts"
user83,23,single,female,yes,163.0,yes,buddhism,punk,2000s,Upbeat and Energetic,Occasionally,"Sometimes, depending on the artist or event"
user84,24,single,male,yes,180.0,no,protestant christianity,dangdut,1990s,Romantic and Smooth,Only in specific situations,"No, I prefer not to attend concerts"
user85,25,single,male,yes,163.0,no,roman catholicism,classical,1980s,Dark and Intense,Never,"Yes, I love attending concerts"
user86,26,single,male,yes,175.0,no,islam,indie/alternative,2020s,Dark and Intense,Rarely,"No, I prefer not to attend concerts"
user87,40,single,female,yes,163.0,no,protestant christianity,edm,1970s,Dark and Intense,Frequently,"Yes, I love attending concerts"
user88,21,single,female,yes,160.0,yes,buddhism,pop indonesia,1970s,Dark and Intense,Rarely,"Sometimes, depending on the artist or event"
user89,37,single,female,yes,170.0,no,confucianism,ballad,2020s,Dark and Intense,Never,"Yes, I love attending concerts"
user90,35,single,male,yes,175.0,no,protestant christianity,edm,2000s,Relaxing and Chill,Occasionally,"Sometimes, depending on the artist or event"
user91,23,single,female,yes,170.0,no,roman catholicism,pop,2000s,Relaxing and Chill,Never,"Sometimes, depending on the artist or event"
user92,31,single,male,yes,188.0,yes,roman catholicism,country,1970s,Romantic and Smooth,Never,"No, I prefer not to attend concerts"
user93,40,single,male,yes,165.0,no,islam,pop indonesia,1980s,Dark and Intense,Rarely,"Yes, I love attending concerts"
user94,39,single,male,yes,183.0,yes,roman catholicism,soul,1990s,Relaxing and Chill,Frequently,"Yes, I love attending concerts"
user95,24,single,female,yes,160.0,yes,hinduism,metal,1990s,Upbeat and Energetic,Never,"No, I prefer not to attend concerts"
user96,28,single,male,yes,178.0,no,hinduism,pop,1990s,Relaxing and Chill,Frequently,"Yes, I love attending concerts"
user97,27,single,female,yes,160.0,no,confucianism,j-pop,1970s,Emotional and Deep,Never,"Sometimes, depending on the artist or event"
user98,28,single,female,yes,165.0,no,roman catholicism,pop,1990s,Romantic and Smooth,Never,"No, I prefer not to attend concerts"
user99,38,single,male,yes,170.0,no,hinduism,jazz,2000s,Relaxing and Chill,Rarely,"Yes, I love attending concerts"
user100,21,single,male,yes,188.0,yes,protestant christianity,ballad,1980s,Upbeat and Energetic,Only in specific situations,"No, I prefer not to attend concerts"
user101,33,single,male,yes,188.0,no,hinduism,pop indonesia,2020s,Upbeat and Energetic,Frequently,"Yes, I love attending concerts"
user102,22,single,male,yes,170.0,no,protestant christianity,pop indonesia,1970s,Upbeat and Energetic,Frequently,"Yes, I love attending concerts"
user103,28,single,male,yes,190.0,no,protestant christianity,reggae,1990s,Romantic and Smooth,Rarely,"No, I prefer not to attend concerts"
user104,27,single,male,yes,178.0,no,roman catholicism,reggae,1990s,Emotional and Deep,Only in specific situations,"Sometimes, depending on the artist or event"
user105,41,single,male,yes,190.0,yes,roman catholicism,soul,2000s,Relaxing and Chill,Occasionally,"Yes, I love attending concerts"
user106,25,single,male,yes,178.0,no,islam,ballad,1990s,Emotional and Deep,Never,"Yes, I love attending concerts"
user107,39,single,female,yes,168.0,no,hinduism,punk,1970s,Emotional and Deep,Rarely,"No, I prefer not to attend concerts"
user108,29,single,female,yes,173.0,no,islam,indie/alternative,1990s,Emotional and Deep,Occasionally,"No, I prefer not to attend concerts"
user109,31,single,male,yes,180.0,no,roman catholicism,k-pop,1970s,Upbeat and Energetic,Frequently,"Yes, I love attending concerts"
user110,37,single,female,yes,170.0,no,islam,reggae,1980s,Relaxing and Chill,Only in specific situations,"Yes, I love attending concerts"
user111,28,single,male,yes,170.0,no,buddhism,classical,2000s,Upbeat and Energetic,Rarely,"Yes, I love attending concerts"
user112,27,single,female,yes,160.0,no,confucianism,edm,1990s,Emotional and Deep,Only in specific situations,"Sometimes, depending on the artist or event"
user113,32,single,male,yes,188.0,no,confucianism,classical,1970s,Emotional and Deep,Occasionally,"No, I prefer not to attend concerts"
user114,28,single,male,yes,178.0,no,protestant christianity,ballad,1990s,Romantic and Smooth,Rarely,"No, I prefer not to attend concerts"
user115,27,single,male,yes,180.0,no,buddhism,rock,1990s,Upbeat and Energetic,Never,"Yes, I love attending concerts"
user116,37,single,male,yes,190.0,no,islam,pop indonesia,2010s,Upbeat and Energetic,Occasionally,"Sometimes, depending on the artist or event"
user117,34,single,female,yes,155.0,no,protestant christianity,metal,2010s,Upbeat and Energetic,Never,"Sometimes, depending on the artist or event"
user118,42,single,female,yes,173.0,no,hinduism,indie/alternative,1990s,Romantic and Smooth,Only in specific situations,"Yes, I love attending concerts"
user119,35,in a relationship,male,yes,165.0,no,confucianism,jazz,1990s,Emotional and Deep,Frequently,"No, I prefer not to attend concerts"
user120,28,single,male,yes,173.0,no,confucianism,dangdut,2020s,Relaxing and Chill,Never,"Yes, I love attending concerts"
user121,33,single,female,yes,170.0,no,protestant christianity,edm,1990s,Dark and Intense,Occasionally,"Sometimes, depending on the artist or event"
user122,18,single,female,no,155.0,yes,protestant christianity,classical,2010s,Dark and Intense,Frequently,"Yes, I love attending concerts"
user123,42,single,female,yes,175.0,no,protestant christianity,pop,2020s,Emotional and Deep,Never,"Sometimes, depending on the artist or event"
user124,28,single,female,yes,160.0,no,protestant christianity,k-pop,1970s,Romantic and Smooth,Never,"Sometimes, depending on the artist or event"
user125,25,single,female,yes,168.0,yes,islam,punk,2020s,Relaxing and Chill,Only in specific situations,"Yes, I love attending concerts"
user126,28,single,male,yes,183.0,no,hinduism,soul,2020s,Emotional and Deep,Occasionally,"Sometimes, depending on the artist or event"
user127,23,single,female,yes,170.0,no,roman catholicism,country,1970s,Emotional and Deep,Only in specific situations,"Sometimes, depending on the artist or event"
user128,26,single,female,yes,173.0,yes,roman catholicism,country,2010s,Dark and Intense,Frequently,"Yes, I love attending concerts"
user129,24,single,male,yes,183.0,yes,protestant christianity,rock,1990s,Upbeat and Energetic,Frequently,"Yes, I love attending concerts"
user130,31,single,male,yes,183.0,no,hinduism,r&b,2000s,Emotional and Deep,Only in specific situations,"No, I prefer not to attend concerts"
user131,33,single,male,yes,183.0,no,islam,j-pop,1990s,Relaxing and Chill,Frequently,"Yes, I love attending concerts"
user132,29,single,female,yes,163.0,no,hinduism,punk,1990s,Upbeat and Energetic,Occasionally,"Sometimes, depending on the artist or event"
user133,29,single,male,yes,185.0,yes,confucianism,classical,1980s,Romantic and Smooth,Rarely,"Yes, I love attending concerts"
user134,26,single,male,yes,170.0,yes,islam,pop indonesia,1980s,Upbeat and Energetic,Occasionally,"No, I prefer not to attend concerts"
user135,35,single,female,yes,168.0,no,confucianism,edm,1980s,Dark and Intense,Occasionally,"No, I prefer not to attend concerts"
user136,39,single,male,yes,188.0,no,roman catholicism,r&b,2010s,Emotional and Deep,Occasionally,"Sometimes, depending on the artist or event"
user137,39,single,female,yes,163.0,no,hinduism,indie/alternative,2020s,Dark and Intense,Frequently,"Yes, I love attending concerts"
user138,46,single,male,no,175.0,no,protestant christianity,soul,2020s,Emotional and Deep,Rarely,"No, I prefer not to attend concerts"
user139,26,single,female,yes,180.0,no,protestant christianity,pop indonesia,1970s,Upbeat and Energetic,Rarely,"Sometimes, depending on the artist or event"
user140,20,single,male,yes,185.0,yes,confucianism,r&b,1970s,Upbeat and Energetic,Never,"Sometimes, depending on the artist or event"
user141,21,single,female,yes,173.0,no,protestant christianity,reggae,1970s,Dark and Intense,Rarely,"Yes, I love attending concerts"
user142,25,single,female,yes,152.0,no,roman catholicism,j-pop,1970s,Upbeat and Energetic,Frequently,"Yes, I love attending concerts"
user143,58,single,male,yes,180.0,no,confucianism,r&b,1980s,Romantic and Smooth,Rarely,"No, I prefer not to attend concerts"
user144,53,single,male,yes,173.0,no,hinduism,j-pop,2010s,Romantic and Smooth,Frequently,"Yes, I love attending concerts"
user145,24,single,female,yes,170.0,no,protestant christianity,pop indonesia,1970s,Relaxing and Chill,Frequently,"Sometimes, depending on the artist or event"
user146,45,single,female,no,168.0,no,protestant christianity,jazz,2000s,Romantic and Smooth,Rarely,"Sometimes, depending on the artist or event"
user147,25,single,female,yes,157.0,yes,confucianism,punk,2020s,Romantic and Smooth,Never,"Sometimes, depending on the artist or event"
user148,29,single,female,yes,160.0,no,islam,r&b,1970s,Relaxing and Chill,Never,"Yes, I love attending concerts"
user149,26,single,female,yes,163.0,no,hinduism,metal,1990s,Dark and Intense,Never,"Yes, I love attending concerts"
user150,46,single,female,yes,160.0,no,islam,reggae,1990s,Dark and Intense,Rarely,"No, I prefer not to attend concerts"
user151,27,in a relationship,female,yes,157.0,no,roman catholicism,r&b,1990s,Relaxing and Chill,Frequently,"No, I prefer not to attend concerts"
user152,39,single,female,yes,178.0,no,roman catholicism,edm,1980s,Upbeat and Energetic,Never,"No, I prefer not to attend concerts"
user153,36,single,female,yes,163.0,no,islam,reggae,2010s,Emotional and Deep,Frequently,"Sometimes, depending on the artist or event"
user154,38,single,male,yes,175.0,no,confucianism,classical,2020s,Relaxing and Chill,Occasionally,"No, I prefer not to attend concerts"
user155,26,single,male,yes,178.0,yes,islam,classical,2020s,Romantic and Smooth,Frequently,"Sometimes, depending on the artist or event"
user156,41,single,male,yes,168.0,no,buddhism,rock,1990s,Dark and Intense,Never,"Yes, I love attending concerts"
user157,32,single,male,yes,168.0,no,hinduism,traditional & folk music,1980s,Emotional and Deep,Never,"No, I prefer not to attend concerts"
user158,23,single,male,yes,180.0,no,islam,punk,1990s,Emotional and Deep,Never,"No, I prefer not to attend concerts"
user159,61,single,female,yes,155.0,no,buddhism,r&b,1980s,Relaxing and Chill,Never,"Yes, I love attending concerts"
user160,29,in a relationship,female,yes,173.0,no,buddhism,traditional & folk music,1980s,Dark and Intense,Never,"Sometimes, depending on the artist or event"
user161,38,single,female,yes,165.0,no,islam,reggae,1990s,Upbeat and Energetic,Frequently,"Sometimes, depending on the artist or event"
user162,37,single,male,yes,178.0,no,confucianism,pop,1990s,Upbeat and Energetic,Rarely,"Yes, I love attending concerts"
user163,51,single,female,yes,152.0,no,confucianism,reggae,1980s,Relaxing and Chill,Never,"Yes, I love attending concerts"
user164,19,single,female,yes,165.0,no,protestant christianity,hip-hop/rap,1990s,Emotional and Deep,Only in specific situations,"Yes, I love attending concerts"
user165,34,single,male,yes,178.0,no,buddhism,j-pop,2010s,Romantic and Smooth,Only in specific situations,"Sometimes, depending on the artist or event"
user166,22,single,female,yes,173.0,no,islam,edm,1990s,Emotional and Deep,Frequently,"Sometimes, depending on the artist or event"
user167,33,single,female,yes,160.0,no,roman catholicism,indie/alternative,1990s,Relaxing and Chill,Never,"No, I prefer not to attend concerts"
user168,25,single,male,yes,170.0,no,hinduism,pop,2020s,Dark and Intense,Never,"Sometimes, depending on the artist or event"
user169,21,in a relationship,male,yes,170.0,yes,buddhism,ballad,2010s,Romantic and Smooth,Rarely,"Sometimes, depending on the artist or event"
user170,34,single,male,yes,178.0,no,hinduism,reggae,2020s,Romantic and Smooth,Rarely,"No, I prefer not to attend concerts"
user171,59,in a relationship,male,yes,183.0,no,islam,punk,2020s,Upbeat and Energetic,Rarely,"No, I prefer not to attend concerts"
user172,21,single,male,yes,175.0,no,protestant christianity,dangdut,1990s,Upbeat and Energetic,Never,"Yes, I love attending concerts"
user173,33,single,male,yes,175.0,no,roman catholicism,blues,1970s,Dark and Intense,Never,"Sometimes, depending on the artist or event"
user174,26,single,female,yes,157.0,no,roman catholicism,punk,2010s,Upbeat and Energetic,Occasionally,"Sometimes, depending on the artist or event"
user175,49,single,female,yes,165.0,no,roman catholicism,hip-hop/rap,1980s,Relaxing and Chill,Frequently,"No, I prefer not to attend concerts"
user176,28,single,male,yes,180.0,yes,islam,punk,1990s,Romantic and Smooth,Frequently,"Sometimes, depending on the artist or event"
user177,30,single,male,yes,178.0,no,buddhism,traditional & folk music,1990s,Dark and Intense,Rarely,"Sometimes, depending on the artist or event"
user178,25,single,male,yes,175.0,no,buddhism,dangdut,2000s,Relaxing and Chill,Rarely,"No, I prefer not to attend concerts"
user179,35,single,male,yes,188.0,no,islam,classical,2020s,Emotional and Deep,Frequently,"No, I prefer not to attend concerts"
user180,54,single,male,yes,188.0,no,roman catholicism,dangdut,1990s,Emotional and Deep,Frequently,"No, I prefer not to attend concerts"
user181,26,single,male,yes,180.0,no,buddhism,dangdut,2000s,Upbeat and Energetic,Never,"Sometimes, depending on the artist or event"
user182,36,single,male,yes,193.0,no,protestant christianity,pop,2020s,Relaxing and Chill,Rarely,"No, I prefer not to attend concerts"
user183,51,single,male,yes,178.0,no,buddhism,traditional & folk music,1980s,Emotional and Deep,Only in specific situations,"Sometimes, depending on the artist or event"
user184,44,single,male,yes,183.0,no,confucianism,traditional & folk music,1970s,Relaxing and Chill,Frequently,"No, I prefer not to attend concerts"
user185,31,single,male,yes,160.0,no,islam,hip-hop/rap,2010s,Upbeat and Energetic,Never,"Sometimes, depending on the artist or event"
user186,26,single,male,yes,180.0,yes,roman catholicism,traditional & folk music,1990s,Dark and Intense,Frequently,"Sometimes, depending on the artist or event"
user187,36,single,male,yes,178.0,no,islam,soul,1990s,Relaxing and Chill,Frequently,"Yes, I love attending concerts"
user188,32,single,female,yes,168.0,no,confucianism,classical,2000s,Upbeat and Energetic,Rarely,"Sometimes, depending on the artist or event"
user189,24,single,female,yes,160.0,no,hinduism,punk,2020s,Emotional and Deep,Rarely,"Yes, I love attending concerts"
user190,29,single,male,yes,185.0,yes,confucianism,traditional & folk music,2020s,Emotional and Deep,Occasionally,"Sometimes, depending on the artist or event"
user191,54,single,male,yes,175.0,no,roman catholicism,k-pop,2000s,Relaxing and Chill,Occasionally,"Sometimes, depending on the artist or event"
user192,31,single,male,yes,178.0,yes,hinduism,reggae,1990s,Romantic and Smooth,Occasionally,"Yes, I love attending concerts"
user193,27,single,female,yes,155.0,no,buddhism,jazz,2000s,Relaxing and Chill,Only in specific situations,"No, I prefer not to attend concerts"
user194,25,single,male,yes,183.0,no,hinduism,k-pop,2010s,Emotional and Deep,Never,"No, I prefer not to attend concerts"
user195,28,in a relationship,female,yes,160.0,no,roman catholicism,rock,1990s,Romantic and Smooth,Only in specific situations,"No, I prefer not to attend concerts"
user196,52,single,female,no,178.0,no,buddhism,country,1990s,Upbeat and Energetic,Only in specific situations,"Yes, I love attending concerts"
user197,27,single,male,yes,180.0,no,confucianism,edm,1980s,Emotional and Deep,Rarely,"Sometimes, depending on the artist or event"
user198,20,single,male,yes,185.0,yes,hinduism,dangdut,1980s,Dark and Intense,Occasionally,"No, I prefer not to attend concerts"
user199,48,single,male,yes,193.0,no,roman catholicism,pop,1990s,Romantic and Smooth,Occasionally,"Yes, I love attending concerts"
user200,30,single,male,yes,180.0,yes,hinduism,metal,2020s,Emotional and Deep,Never,"Sometimes, depending on the artist or event"
user201,55,single,female,yes,173.0,no,hinduism,rock,2020s,Dark and Intense,Occasionally,"Sometimes, depending on the artist or event"
user202,38,single,male,yes,173.0,no,confucianism,j-pop,1990s,Dark and Intense,Occasionally,"Yes, I love attending concerts"
user203,25,single,male,yes,185.0,yes,hinduism,hip-hop/rap,1970s,Relaxing and Chill,Only in specific situations,"No, I prefer not to attend concerts"
user204,29,single,female,yes,173.0,no,roman catholicism,reggae,1970s,Romantic and Smooth,Rarely,"Sometimes, depending on the artist or event"
user205,35,in a relationship,male,yes,193.0,no,hinduism,hip-hop/rap,2010s,Relaxing and Chill,Frequently,"No, I prefer not to attend concerts"
user206,62,single,male,yes,170.0,no,protestant christianity,classical,2000s,Dark and Intense,Never,"Sometimes, depending on the artist or event"
user207,33,single,male,yes,178.0,yes,buddhism,classical,2000s,Upbeat and Energetic,Occasionally,"Sometimes, depending on the artist or event"
user208,32,single,female,yes,170.0,yes,buddhism,country,2020s,Upbeat and Energetic,Only in specific situations,"Yes, I love attending concerts"
user209,33,single,male,no,173.0,no,roman catholicism,jazz,1990s,Upbeat and Energetic,Only in specific situations,"Sometimes, depending on the artist or event"
user210,33,single,male,yes,183.0,no,islam,punk,2020s,Emotional and Deep,Only in specific situations,"Yes, I love attending concerts"
user211,36,single,male,yes,178.0,no,protestant christianity,metal,1970s,Romantic and Smooth,Frequently,"Yes, I love attending concerts"
user212,21,single,male,yes,175.0,no,confucianism,r&b,2020s,Upbeat and Energetic,Rarely,"No, I prefer not to attend concerts"
user213,29,single,male,yes,188.0,yes,hinduism,pop indonesia,2000s,Emotional and Deep,Never,"No, I prefer not to attend concerts"
user214,30,single,female,yes,168.0,no,protestant christianity,traditional & folk music,2020s,Emotional and Deep,Rarely,"No, I prefer not to attend concerts"
user215,34,single,male,no,170.0,no,buddhism,pop indonesia,1970s,Relaxing and Chill,Rarely,"No, I prefer not to attend concerts"
user216,28,single,female,yes,175.0,yes,confucianism,metal,2020s,Relaxing and Chill,Frequently,"Sometimes, depending on the artist or event"
user217,30,single,female,yes,157.0,no,confucianism,country,2010s,Romantic and Smooth,Only in specific situations,"No, I prefer not to attend concerts"
user218,27,single,female,yes,175.0,no,roman catholicism,metal,1970s,Relaxing and Chill,Rarely,"Sometimes, depending on the artist or event"
user219,25,in a relationship,female,yes,170.0,yes,islam,pop,1970s,Emotional and Deep,Occasionally,"Sometimes, depending on the artist or event"
user220,36,single,female,yes,168.0,no,buddhism,pop,2020s,Emotional and Deep,Never,"No, I prefer not to attend concerts"
user221,34,single,male,yes,168.0,no,confucianism,r&b,2010s,Upbeat and Energetic,Rarely,"No, I prefer not to attend concerts"
user222,23,single,female,yes,168.0,no,buddhism,j-pop,1990s,Romantic and Smooth,Rarely,"No, I prefer not to attend concerts"
user223,59,single,male,yes,180.0,no,hinduism,classical,2020s,Emotional and Deep,Occasionally,"Yes, I love attending concerts"
user224,26,single,male,yes,183.0,no,confucianism,classical,1970s,Dark and Intense,Never,"Sometimes, depending on the artist or event"
user225,25,single,female,yes,180.0,no,confucianism,pop indonesia,2020s,Emotional and Deep,Rarely,"No, I prefer not to attend concerts"
user226,23,single,male,no,173.0,no,islam,classical,2010s,Emotional and Deep,Never,"Yes, I love attending concerts"
user227,34,single,male,yes,185.0,no,buddhism,classical,1990s,Dark and Intense,Only in specific situations,"Yes, I love attending concerts"
user228,29,single,male,yes,196.0,no,islam,j-pop,1980s,Upbeat and Energetic,Only in specific situations,"Yes, I love attending concerts"
user229,40,single,male,yes,183.0,no,buddhism,indie/alternative,1990s,Relaxing and Chill,Only in specific situations,"Sometimes, depending on the artist or event"
user230,42,single,female,yes,173.0,yes,hinduism,classical,1980s,Romantic and Smooth,Frequently,"Yes, I love attending concerts"
user231,27,single,female,yes,175.0,yes,hinduism,edm,1970s,Relaxing and Chill,Only in specific situations,"Yes, I love attending concerts"
user232,21,single,male,yes,175.0,no,hinduism,pop,1990s,Romantic and Smooth,Occasionally,"No, I prefer not to attend concerts"
user233,25,single,male,yes,183.0,yes,buddhism,soul,2000s,Relaxing and Chill,Only in specific situations,"No, I prefer not to attend concerts"
user234,28,single,male,yes,180.0,no,buddhism,hip-hop/rap,1970s,Relaxing and Chill,Rarely,"Yes, I love attending concerts"
user235,24,single,male,yes,188.0,yes,protestant christianity,jazz,2000s,Upbeat and Energetic,Rarely,"Yes, I love attending concerts"
user236,20,single,male,no,163.0,no,buddhism,jazz,2020s,Romantic and Smooth,Rarely,"No, I prefer not to attend concerts"
user237,27,single,male,no,193.0,no,roman catholicism,j-pop,1980s,Upbeat and Energetic,Occasionally,"No, I prefer not to attend concerts"
user238,29,single,male,yes,175.0,no,hinduism,indie/alternative,1980s,Emotional and Deep,Frequently,"Sometimes, depending on the artist or event"
user239,27,single,female,yes,170.0,no,roman catholicism,metal,1970s,Romantic and Smooth,Never,"No, I prefer not to attend concerts"
user240,25,single,female,yes,163.0,no,confucianism,hip-hop/rap,2000s,Relaxing and Chill,Rarely,"Sometimes, depending on the artist or event"
user241,31,single,male,yes,188.0,no,islam,pop indonesia,2010s,Romantic and Smooth,Only in specific situations,"Yes, I love attending concerts"
user242,36,single,male,yes,180.0,no,islam,punk,2020s,Emotional and Deep,Occasionally,"No, I prefer not to attend concerts"
user243,49,single,female,yes,157.0,no,confucianism,r&b,2010s,Upbeat and Energetic,Frequently,"No, I prefer not to attend concerts"
user244,30,single,male,yes,190.0,yes,islam,soul,1990s,Romantic and Smooth,Only in specific situations,"Sometimes, depending on the artist or event"
user245,27,single,male,yes,168.0,yes,protestant christianity,rock,2020s,Romantic and Smooth,Never,"No, I prefer not to attend concerts"
user246,26,in a relationship,male,yes,178.0,no,roman catholicism,punk,1970s,Romantic and Smooth,Never,"Yes, I love attending concerts"
user247,30,single,female,yes,163.0,no,protestant christianity,traditional & folk music,2020s,Relaxing and Chill,Occasionally,"Yes, I love attending concerts"
user248,38,single,female,yes,175.0,no,buddhism,soul,1970s,Relaxing and Chill,Rarely,"No, I prefer not to attend concerts"
user249,30,single,female,yes,160.0,no,islam,classical,2020s,Emotional and Deep,Frequently,"Sometimes, depending on the artist or event"
user250,29,single,female,yes,152.0,no,confucianism,edm,2020s,Emotional and Deep,Frequently,"Sometimes, depending on the artist or event"
user251,25,single,female,yes,155.0,no,buddhism,classical,1980s,Dark and Intense,Rarely,"No, I prefer not to attend concerts"
user252,23,single,male,yes,168.0,no,confucianism,hip-hop/rap,2000s,Emotional and Deep,Frequently,"No, I prefer not to attend concerts"
user253,65,single,female,yes,150.0,no,roman catholicism,metal,2010s,Upbeat and Energetic,Occasionally,"No, I prefer not to attend concerts"
user254,50,in a relationship,female,yes,165.0,no,buddhism,blues,2010s,Dark and Intense,Frequently,"Sometimes, depending on the artist or event"
user255,36,single,male,yes,173.0,no,buddhism,traditional & folk music,2000s,Dark and Intense,Rarely,"No, I prefer not to attend concerts"
user256,32,single,female,yes,163.0,no,confucianism,pop indonesia,1970s,Relaxing and Chill,Frequently,"Yes, I love attending concerts"
user257,26,single,female,yes,157.0,no,hinduism,country,2000s,Relaxing and Chill,Frequently,"Sometimes, depending on the artist or event"
user258,34,single,female,yes,163.0,no,hinduism,dangdut,1970s,Relaxing and Chill,Only in specific situations,"Sometimes, depending on the artist or event"
user259,37,single,female,yes,170.0,no,islam,country,1980s,Relaxing and Chill,Rarely,"Yes, I love attending concerts"
user260,54,single,male,yes,175.0,yes,confucianism,classical,2010s,Romantic and Smooth,Never,"No, I prefer not to attend concerts"
user261,30,single,male,yes,175.0,no,roman catholicism,dangdut,2020s,Romantic and Smooth,Occasionally,"Yes, I love attending concerts"
user262,38,single,female,yes,160.0,no,islam,soul,1970s,Upbeat and Energetic,Frequently,"Sometimes, depending on the artist or event"
user263,26,single,male,yes,170.0,yes,hinduism,j-pop,2010s,Romantic and Smooth,Frequently,"No, I prefer not to attend concerts"
user264,20,single,male,yes,175.0,yes,buddhism,hip-hop/rap,1980s,Romantic and Smooth,Rarely,"Sometimes, depending on the artist or event"
user265,49,single,male,yes,188.0,no,islam,ballad,2000s,Relaxing and Chill,Only in specific situations,"No, I prefer not to attend concerts"
user266,28,single,female,yes,163.0,no,confucianism,r&b,2010s,Romantic and Smooth,Occasionally,"Sometimes, depending on the artist or event"
user267,22,single,male,yes,170.0,no,buddhism,blues,2010s,Upbeat and Energetic,Frequently,"No, I prefer not to attend concerts"
user268,46,single,male,yes,178.0,no,buddhism,country,1970s,Dark and Intense,Never,"Sometimes, depending on the artist or event"
user269,29,single,male,yes,188.0,no,protestant christianity,edm,2010s,Romantic and Smooth,Never,"Sometimes, depending on the artist or event"
user270,35,single,female,yes,165.0,yes,roman catholicism,classical,2020s,Emotional and Deep,Rarely,"No, I prefer not to attend concerts"
user271,31,single,male,yes,175.0,no,protestant christianity,edm,1980s,Emotional and Deep,Never,"No, I prefer not to attend concerts"
user272,35,single,female,yes,157.0,no,protestant christianity,jazz,1970s,Upbeat and Energetic,Rarely,"Sometimes, depending on the artist or event"
user273,48,single,male,yes,170.0,no,hinduism,pop indonesia,2020s,Upbeat and Energetic,Only in specific situations,"Yes, I love attending concerts"
user274,60,single,female,yes,173.0,no,buddhism,edm,2000s,Upbeat and Energetic,Never,"No, I prefer not to attend concerts"
user275,20,single,female,yes,160.0,no,confucianism,dangdut,1990s,Relaxing and Chill,Frequently,"No, I prefer not to attend concerts"
user276,26,single,male,yes,178.0,no,roman catholicism,indie/alternative,1970s,Romantic and Smooth,Never,"Sometimes, depending on the artist or event"
user277,32,single,female,yes,175.0,no,protestant christianity,edm,1970s,Dark and Intense,Rarely,"Sometimes, depending on the artist or event"
user278,43,single,male,yes,173.0,no,protestant christianity,rock,1990s,Dark and Intense,Only in specific situations,"Sometimes, depending on the artist or event"
user279,51,single,male,yes,185.0,no,roman catholicism,blues,1990s,Dark and Intense,Frequently,"Sometimes, depending on the artist or event"
user280,36,single,female,yes,163.0,no,islam,pop indonesia,1990s,Romantic and Smooth,Never,"No, I prefer not to attend concerts"
user281,41,single,female,yes,157.0,no,buddhism,rock,2020s,Relaxing and Chill,Never,"Yes, I love attending concerts"
user282,24,single,male,yes,178.0,no,roman catholicism,classical,2010s,Dark and Intense,Never,"Sometimes, depending on the artist or event"
user283,39,single,female,yes,170.0,no,confucianism,k-pop,1990s,Dark and Intense,Frequently,"Sometimes, depending on the artist or event"
user284,37,single,male,yes,178.0,no,confucianism,indie/alternative,1970s,Romantic and Smooth,Rarely,"No, I prefer not to attend concerts"
user285,32,single,male,yes,180.0,no,confucianism,dangdut,2010s,Relaxing and Chill,Never,"No, I prefer not to attend concerts"
user286,26,single,male,yes,190.0,no,buddhism,r&b,1970s,Emotional and Deep,Occasionally,"Sometimes, depending on the artist or event"
user287,31,single,female,yes,155.0,no,hinduism,pop indonesia,2000s,Emotional and Deep,Frequently,"Sometimes, depending on the artist or event"
user288,29,single,female,no,160.0,no,protestant christianity,metal,2020s,Emotional and Deep,Frequently,"Sometimes, depending on the artist or event"
user289,25,single,male,yes,183.0,no,confucianism,r&b,1990s,Relaxing and Chill,Rarely,"No, I prefer not to attend concerts"
user290,28,single,female,yes,173.0,no,protestant christianity,reggae,1980s,Romantic and Smooth,Only in specific situations,"No, I prefer not to attend concerts"
user291,27,single,male,yes,196.0,no,buddhism,classical,2000s,Relaxing and Chill,Occasionally,"Sometimes, depending on the artist or event"
user292,23,single,female,yes,170.0,no,hinduism,traditional & folk music,1980s,Romantic and Smooth,Rarely,"Yes, I love attending concerts"
user293,26,single,male,yes,180.0,no,buddhism,rock,1980s,Upbeat and Energetic,Only in specific situations,"No, I prefer not to attend concerts"
user294,31,single,female,yes,170.0,no,roman catholicism,dangdut,1970s,Dark and Intense,Rarely,"No, I prefer not to attend concerts"
user295,22,single,male,yes,173.0,yes,roman catholicism,r&b,2000s,Upbeat and Energetic,Rarely,"No, I prefer not to attend concerts"
user296,26,single,male,yes,178.0,yes,protestant christianity,reggae,2000s,Dark and Intense,Rarely,"No, I prefer not to attend concerts"
user297,24,single,female,yes,165.0,no,buddhism,blues,1970s,Relaxing and Chill,Rarely,"Yes, I love attending concerts"
user298,48,single,female,yes,163.0,no,confucianism,k-pop,2020s,Emotional and Deep,Occasionally,"Sometimes, depending on the artist or event"
user299,29,single,male,yes,183.0,yes,roman catholicism,edm,2000s,Upbeat and Energetic,Only in specific situations,"No, I prefer not to attend concerts"
